Food,Measure,Grams,Calories,Cal_100G,Protein,Pro_100G,Fat,Sat.Fat,Fat_100G,Fiber,Carbohydrate,CHO_100G,Category
Cows' milk,1 qt.,976.00,660.00,67.62,32.00,3.28,40.00,36.00,4.10,0.00,48.00,4.92,Dairy products
Milk skim,1 qt.,984.00,360.00,36.59,36.00,3.66,0.00,0.00,0.00,0.00,52.00,5.28,Dairy products
Buttermilk,1 cup,246.00,127.00,51.63,9.00,3.66,5.00,4.00,2.03,0.00,13.00,5.28,Dairy products
"Evaporated, undiluted",1 cup,252.00,345.00,136.90,16.00,6.35,20.00,18.00,7.94,0.00,24.00,9.52,Dairy products
Fortified milk,6 cups,1419.00,1373.00,96.76,89.00,6.27,42.00,23.00,2.96,1.40,119.00,8.39,Dairy products
Powdered milk,1 cup,103.00,515.00,500.00,27.00,26.21,28.00,24.00,27.18,0.00,39.00,37.86,Dairy products
"skim, instant",1 1/3 cups,85.00,290.00,341.18,30.00,35.29,0.00,0.00,0.00,0.00,42.00,49.41,Dairy products
"skim, non-instant",2/3 cup,85.00,290.00,341.18,30.00,35.29,0.00,0.00,0.00,1.00,42.00,49.41,Dairy products
Goats' milk,1 cup,244.00,165.00,67.62,8.00,3.28,10.00,8.00,4.10,0.00,11.00,4.51,Dairy products
(1/2 cup ice cream),2 cups,540.00,690.00,127.78,24.00,4.44,24.00,22.00,4.44,0.00,70.00,12.96,Dairy products
Cocoa,1 cup,252.00,235.00,93.25,8.00,3.17,11.00,10.00,4.37,0.00,26.00,10.32,Dairy products
skim. milk,1 cup,250.00,128.00,51.20,18.00,7.20,4.00,3.00,1.60,1.00,13.00,5.20,Dairy products
(cornstarch),1 cup,248.00,275.00,110.89,9.00,3.63,10.00,9.00,4.03,0.00,40.00,16.13,Dairy products
Custard,1 cup,248.00,285.00,114.92,13.00,5.24,14.00,11.00,5.65,0.00,28.00,11.29,Dairy products
Ice cream,1 cup,188.00,300.00,159.57,6.00,3.19,18.00,16.00,9.57,0.00,29.00,15.43,Dairy products
Ice milk,1 cup,190.00,275.00,144.74,9.00,4.74,10.00,9.00,5.26,0.00,32.00,16.84,Dairy products
Cream or half-and-half,1/2 cup,120.00,170.00,141.67,4.00,3.33,15.00,13.00,12.50,0.00,5.00,4.17,Dairy products
or whipping,1/2 cup,119.00,430.00,361.34,2.00,1.68,44.00,27.00,36.97,1.00,3.00,2.52,Dairy products
Cheese,1 cup,225.00,240.00,106.67,30.00,13.33,11.00,10.00,4.89,0.00,6.00,2.67,Dairy products
uncreamed,1 cup,225.00,195.00,86.67,38.00,16.89,0.00,0.00,0.00,0.00,6.00,2.67,Dairy products
Cheddar,1-in. cube,17.00,70.00,411.76,4.00,23.53,6.00,5.00,35.29,0.00,0.00,0.00,Dairy products
"Cheddar, grated cup",1/2 cup,56.00,226.00,403.57,14.00,25.00,19.00,17.00,33.93,0.00,1.00,1.79,Dairy products
Cream cheese,1 oz.,28.00,105.00,375.00,2.00,7.14,11.00,10.00,39.29,0.00,1.00,3.57,Dairy products
Processed cheese,1 oz.,28.00,105.00,375.00,7.00,25.00,9.00,8.00,32.14,0.00,0.00,0.00,Dairy products
Roquefort type,1 oz.,28.00,105.00,375.00,6.00,21.43,9.00,8.00,32.14,0.00,0.00,0.00,Dairy products
Swiss,1 oz.,28.00,105.00,375.00,7.00,25.00,8.00,7.00,28.57,0.00,0.00,0.00,Dairy products
Eggs raw,2,100.00,150.00,150.00,12.00,12.00,12.00,10.00,12.00,0.00,0.00,0.00,Dairy products
Eggs Scrambled or fried,2,128.00,220.00,171.88,13.00,10.16,16.00,14.00,12.50,0.00,1.00,0.78,Dairy products
Yolks,2,34.00,120.00,352.94,6.00,17.65,10.00,8.00,29.41,0.00,0.00,0.00,"Fats, Oils, Shortenings"
Butter,1T.,14.00,100.00,714.29,0.00,0.00,11.00,10.00,78.57,0.00,0.00,0.00,"Fats, Oils, Shortenings"
Butter,1/2 cup,112.00,113.00,100.89,114.00,101.79,115.00,116.00,102.68,117.00,118.00,105.36,"Fats, Oils, Shortenings"
Butter,1/4 lb.,112.00,113.00,100.89,114.00,101.79,115.00,116.00,102.68,117.00,118.00,105.36,"Fats, Oils, Shortenings"
Hydrogenated cooking fat,1/2 cup,100.00,665.00,665.00,0.00,0.00,100.00,88.00,100.00,0.00,0.00,0.00,"Fats, Oils, Shortenings"
Lard,1/2 cup,110.00,992.00,901.82,0.00,0.00,110.00,92.00,100.00,0.00,0.00,0.00,"Fats, Oils, Shortenings"
Margarine,1/2 cup,112.00,806.00,719.64,0.00,0.00,91.00,76.00,81.25,0.00,0.00,0.00,"Fats, Oils, Shortenings"
"Margarine, 2 pat or",1 T.,14.00,100.00,714.29,0.00,0.00,11.00,9.00,78.57,0.00,0.00,0.00,"Fats, Oils, Shortenings"
Mayonnaise,1 T.,15.00,110.00,733.33,0.00,0.00,12.00,5.00,80.00,0.00,0.00,0.00,"Fats, Oils, Shortenings"
Corn oil,1 T.,14.00,125.00,892.86,0.00,0.00,14.00,5.00,100.00,0.00,0.00,0.00,"Fats, Oils, Shortenings"
Olive oil,1T.,14.00,125.00,892.86,0.00,0.00,14.00,3.00,100.00,0.00,0.00,0.00,"Fats, Oils, Shortenings"
Safflower seed oil,1 T.,14.00,125.00,892.86,0.00,0.00,14.00,3.00,100.00,0.00,0.00,0.00,"Fats, Oils, Shortenings"
French dressing,1 T.,15.00,60.00,400.00,0.00,0.00,6.00,2.00,40.00,0.00,2.00,13.33,"Fats, Oils, Shortenings"
Thousand Island sauce,1 T.,15.00,75.00,500.00,0.00,0.00,8.00,3.00,53.33,0.00,1.00,6.67,"Fats, Oils, Shortenings"
Salt pork,2 oz.,60.00,470.00,783.33,3.00,5.00,55.00,,91.67,0.00,0.00,0.00,"Meat, Poultry"
Bacon,2 slices,16.00,95.00,593.75,4.00,25.00,8.00,7.00,50.00,0.00,1.00,6.25,"Meat, Poultry"
Beef,3 oz.,85.00,245.00,288.24,23.00,27.06,16.00,15.00,18.82,0.00,0.00,0.00,"Meat, Poultry"
Hamburger,3 oz.,85.00,245.00,288.24,21.00,24.71,17.00,15.00,20.00,0.00,0.00,0.00,"Meat, Poultry"
Ground lean,3 oz.,85.00,185.00,217.65,24.00,28.24,10.00,9.00,11.76,0.00,0.00,0.00,"Meat, Poultry"
Roast beef,3 oz.,85.00,390.00,458.82,16.00,18.82,36.00,35.00,42.35,0.00,0.00,0.00,"Meat, Poultry"
Steak,3 oz.,85.00,330.00,388.24,20.00,23.53,27.00,25.00,31.76,0.00,0.00,0.00,"Meat, Poultry"
"Steak, lean, as round",3 oz.,85.00,220.00,258.82,24.00,28.24,12.00,11.00,14.12,0.00,0.00,0.00,"Meat, Poultry"
Corned beef,3 oz.,85.00,185.00,217.65,22.00,25.88,10.00,9.00,11.76,0.00,0.00,0.00,"Meat, Poultry"
Corned beef hash canned,3 oz.,85.00,120.00,141.18,12.00,14.12,8.00,7.00,9.41,0.00,6.00,7.06,"Meat, Poultry"
Corned beef hash Dried,2 oz.,56.00,115.00,205.36,19.00,33.93,4.00,4.00,7.14,0.00,0.00,0.00,"Meat, Poultry"
Pot-pie,1 pie,227.00,480.00,211.45,18.00,7.93,28.00,25.00,12.33,0.00,32.00,14.10,"Meat, Poultry"
Corned beef hash Stew,1 cup,235.00,185.00,78.72,15.00,6.38,10.00,9.00,4.26,0.00,15.00,6.38,"Meat, Poultry"
chicken,3 oz.,85.00,185.00,217.65,23.00,27.06,9.00,7.00,10.59,0.00,0.00,0.00,"Meat, Poultry"
"Fried, breast or leg and thigh chicken",3 oz.,85.00,245.00,288.24,25.00,29.41,15.00,11.00,17.65,0.00,0.00,0.00,"Meat, Poultry"
Roasted chicken,3 1/2 oz.,100.00,290.00,290.00,25.00,25.00,20.00,16.00,20.00,0.00,0.00,0.00,"Meat, Poultry"
"Chicken livers, fried",3 med.,100.00,140.00,140.00,22.00,22.00,14.00,12.00,14.00,0.00,2.30,2.30,"Meat, Poultry"
"Duck, domestic",3 1/2 oz.,100.00,370.00,370.00,16.00,16.00,28.00,0.00,28.00,0.00,0.00,0.00,"Meat, Poultry"
"Lamb, chop, broiled",4 oz.,115.00,480.00,417.39,24.00,20.87,35.00,33.00,30.43,0.00,0.00,0.00,"Meat, Poultry"
Leg roasted,3 oz.,86.00,314.00,365.12,20.00,23.26,14.00,14.00,16.28,0.00,0.00,0.00,"Meat, Poultry"
"Shoulder, braised",3 oz.,85.00,285.00,335.29,18.00,21.18,23.00,21.00,27.06,0.00,0.00,0.00,"Meat, Poultry"
"Pork, chop, 1 thick",3 1/2 oz.,100.00,260.00,260.00,16.00,16.00,21.00,18.00,21.00,0.00,0.00,0.00,"Meat, Poultry"
Ham pan-broiled,3 oz.,85.00,290.00,341.18,16.00,18.82,22.00,19.00,25.88,0.00,0.00,0.00,"Meat, Poultry"
"Ham, as ",2 oz.,57.00,170.00,298.25,13.00,22.81,13.00,11.00,22.81,0.00,0.00,0.00,"Meat, Poultry"
"Ham, canned, spiced",2 oz.,57.00,165.00,289.47,8.00,14.04,14.00,12.00,24.56,0.00,1.00,1.75,"Meat, Poultry"
Pork roast,3 oz.,85.00,310.00,364.71,21.00,24.71,24.00,21.00,28.24,0.00,0.00,0.00,"Meat, Poultry"
Pork sausage,3 1/2 oz.,100.00,475.00,475.00,18.00,18.00,44.00,40.00,44.00,0.00,0.00,0.00,"Meat, Poultry"
Turkey,3 1/2 oz.,100.00,265.00,265.00,27.00,27.00,15.00,0.00,15.00,0.00,0.00,0.00,"Meat, Poultry"
Veal,3 oz.,85.00,185.00,217.65,23.00,27.06,9.00,8.00,10.59,0.00,0.00,0.00,"Meat, Poultry"
Roast,3 oz.,85.00,305.00,358.82,13.00,15.29,14.00,13.00,16.47,0.00,0.00,0.00,"Meat, Poultry"
Clams,3 oz.,85.00,87.00,102.35,12.00,14.12,1.00,0.00,1.18,0.00,2.00,2.35,"Fish, Seafood"
Cod,3 1/2 oz.,100.00,170.00,170.00,28.00,28.00,5.00,0.00,5.00,0.00,0.00,0.00,"Fish, Seafood"
Crab meat,3 oz.,85.00,90.00,105.88,14.00,16.47,2.00,0.00,2.35,0.00,1.00,1.18,"Fish, Seafood"
Fish sticks fried,5,112.00,200.00,178.57,19.00,16.96,10.00,5.00,8.93,0.00,8.00,7.14,"Fish, Seafood"
Flounder,3 1/2 oz.,100.00,200.00,200.00,30.00,30.00,8.00,0.00,8.00,0.00,0.00,0.00,"Fish, Seafood"
Haddock,3 oz.,85.00,135.00,158.82,16.00,18.82,5.00,4.00,5.88,0.00,6.00,7.06,"Fish, Seafood"
Halibut,3 1/2 oz.,100.00,182.00,182.00,26.00,26.00,8.00,0.00,8.00,0.00,0.00,0.00,"Fish, Seafood"
Herring,1 small,100.00,211.00,211.00,22.00,22.00,13.00,0.00,13.00,0.00,0.00,0.00,"Fish, Seafood"
Lobster,aver.,100.00,92.00,92.00,18.00,18.00,1.00,0.00,1.00,0.00,0.00,0.00,"Fish, Seafood"
Mackerel,3 oz.,85.00,155.00,182.35,18.00,21.18,9.00,0.00,10.59,0.00,0.00,0.00,"Fish, Seafood"
Oysters,6-8 med.,230.00,231.00,100.43,232.00,100.87,233.00,234.00,101.30,235.00,236.00,102.61,"Fish, Seafood"
Oyster stew,1 cup,85.00,125.00,147.06,19.00,22.35,6.00,1.00,7.06,0.00,0.00,0.00,"Fish, Seafood"
Salmon,3 oz.,85.00,120.00,141.18,17.00,20.00,5.00,1.00,5.88,0.00,0.00,0.00,"Fish, Seafood"
Sardines,3 oz.,85.00,180.00,211.76,22.00,25.88,9.00,4.00,10.59,0.00,0.00,0.00,"Fish, Seafood"
Scallops,3 1/2 oz.,100.00,104.00,104.00,18.00,18.00,8.00,0.00,8.00,0.00,10.00,10.00,"Fish, Seafood"
Shad,3 oz.,85.00,170.00,200.00,20.00,23.53,10.00,0.00,11.76,0.00,0.00,0.00,"Fish, Seafood"
Shrimp,3 oz.,85.00,110.00,129.41,23.00,27.06,1.00,0.00,1.18,0.00,0.00,0.00,"Fish, Seafood"
Swordfish,1 steak,100.00,180.00,180.00,27.00,27.00,6.00,0.00,6.00,0.00,0.00,0.00,"Fish, Seafood"
Tuna,3 oz.,85.00,170.00,200.00,25.00,29.41,7.00,3.00,8.24,0.00,0.00,0.00,"Fish, Seafood"
Artichoke,1 large,100.00,47.00,47.00,2.00,2.00,0.00,0.00,0.00,2.00,10.00,10.00,Vegetables A-E
Asparagus,6 spears,96.00,18.00,18.75,1.00,1.04,0.00,0.00,0.00,0.50,3.00,3.13,Vegetables A-E
Beans,1 cup,125.00,25.00,20.00,1.00,0.80,0.00,0.00,0.00,0.80,6.00,4.80,Vegetables A-E
Lima,1 cup,160.00,140.00,87.50,8.00,5.00,0.00,0.00,0.00,3.00,24.00,15.00,Vegetables A-E
"Lima, dry, cooked",1 cup,192.00,260.00,135.42,16.00,8.33,0.00,0.00,0.00,2.00,48.00,25.00,Vegetables A-E
"Navy, baked with pork",3/4 cup,200.00,250.00,125.00,11.00,5.50,6.00,6.00,3.00,2.00,37.00,18.50,Vegetables A-E
Red kidney,1 cup,260.00,230.00,88.46,15.00,5.77,1.00,0.00,0.38,2.50,42.00,16.15,Vegetables A-E
Bean sprouts,1 cup,50.00,17.00,34.00,1.00,2.00,0.00,0.00,0.00,0.30,3.00,6.00,Vegetables A-E
Beet greens,1 cup,100.00,27.00,27.00,2.00,2.00,0.00,0.00,0.00,1.40,6.00,6.00,Vegetables A-E
Beetroots,1 cup,165.00,1.00,0.61,12.00,7.27,0.00,,0.00,0.00,0.80,0.48,Vegetables A-E
Broccoli,1 cup,150.00,45.00,30.00,5.00,3.33,0.00,0.00,0.00,1.90,8.00,5.33,Vegetables A-E
Brussels sprouts,1 cup,130.00,60.00,46.15,6.00,4.62,0.00,0.00,0.00,1.70,12.00,9.23,Vegetables A-E
Sauerkraut,1 cup,150.00,32.00,21.33,1.00,0.67,0.00,0.00,0.00,1.20,7.00,4.67,Vegetables A-E
Steamed cabbage,1 cup,170.00,40.00,23.53,2.00,1.18,0.00,0.00,0.00,1.30,9.00,5.29,Vegetables A-E
Carrots,1 cup,150.00,45.00,30.00,1.00,0.67,0.00,0.00,0.00,0.90,10.00,6.67,Vegetables A-E
"Raw, grated",1 cup,110.00,45.00,40.91,1.00,0.91,0.00,0.00,0.00,1.20,10.00,9.09,Vegetables A-E
"Strips, from raw",1 mad.,50.00,20.00,40.00,0.00,0.00,0.00,0.00,0.00,0.50,5.00,10.00,Vegetables A-E
Cauliflower,1 cup,120.00,30.00,25.00,3.00,2.50,0.00,0.00,0.00,1.00,6.00,5.00,Vegetables A-E
Celery,1 cup,100.00,20.00,20.00,1.00,1.00,0.00,0.00,0.00,1.00,4.00,4.00,Vegetables A-E
Stalk raw,1 large,40.00,5.00,12.50,1.00,2.50,0.00,0.00,0.00,0.30,1.00,2.50,Vegetables A-E
Chard steamed,1 cup,150.00,30.00,20.00,2.00,1.33,0.00,0.00,0.00,1.40,7.00,4.67,Vegetables A-E
Collards,1 cup,150.00,51.00,34.00,5.00,3.33,0.00,0.00,0.00,2.00,8.00,5.33,Vegetables A-E
Corn,1 ear,100.00,92.00,92.00,3.00,3.00,1.00,0.00,1.00,0.80,21.00,21.00,Vegetables A-E
cooked or canned Corn,1 cup,200.00,170.00,85.00,5.00,2.50,0.00,0.00,0.00,1.60,41.00,20.50,Vegetables A-E
Cucumbers,8,50.00,6.00,12.00,0.00,0.00,0.00,0.00,0.00,0.20,1.00,2.00,Vegetables A-E
Dandelion greens,1 cup,180.00,80.00,44.44,5.00,2.78,1.00,0.00,0.56,3.20,16.00,8.89,Vegetables A-E
Eggplant,1 cup,180.00,30.00,16.67,2.00,1.11,0.00,0.00,0.00,1.00,9.00,5.00,Vegetables A-E
Endive,2 oz.,57.00,10.00,17.54,1.00,1.75,0.00,0.00,0.00,0.60,2.00,3.51,Vegetables A-E
Kale,1 cup,110.00,45.00,40.91,4.00,3.64,1.00,0.00,0.91,0.90,8.00,7.27,Vegetables F-P
Kohlrabi,1 cup,140.00,40.00,28.57,2.00,1.43,0.00,0.00,0.00,1.50,9.00,6.43,Vegetables F-P
"Lambs quarters, steamed",1 cup,150.00,48.00,32.00,5.00,3.33,0.00,0.00,0.00,3.20,7.00,4.67,Vegetables F-P
Lentils,1 cup,200.00,212.00,106.00,15.00,7.50,0.00,0.00,0.00,2.40,38.00,19.00,Vegetables F-P
Lettuce,1/4 head,100.00,14.00,14.00,1.00,1.00,0.00,0.00,0.00,0.50,2.00,2.00,Vegetables F-P
Iceberg,1/4 head,100.00,13.00,13.00,0.00,0.00,0.00,0.00,0.00,0.50,3.00,3.00,Vegetables F-P
Mushrooms canned,4,120.00,12.00,10.00,2.00,1.67,0.00,0.00,0.00,0.00,4.00,3.33,Vegetables F-P
Mustard greens,1,140.00,30.00,21.43,3.00,2.14,0.00,0.00,0.00,1.20,6.00,4.29,Vegetables F-P
Okra,1 1/3 cups,100.00,32.00,32.00,1.00,1.00,0.00,0.00,0.00,1.00,7.00,7.00,Vegetables F-P
Onions,1,210.00,80.00,38.10,2.00,0.95,0.00,0.00,0.00,1.60,18.00,8.57,Vegetables F-P
"Raw, green",6 small,50.00,22.00,44.00,0.00,0.00,0.00,0.00,0.00,1.00,5.00,10.00,Vegetables F-P
Parsley,2 T.,50.00,2.00,4.00,0.00,0.00,0.00,0.00,0.00,0.00,0.00,0.00,Vegetables F-P
Parsnips,1 cup,155.00,95.00,61.29,2.00,1.29,1.00,0.00,0.65,3.00,22.00,14.19,Vegetables F-P
Peas,1 cup,100.00,66.00,66.00,3.00,3.00,0.00,0.00,0.00,0.10,13.00,13.00,Vegetables F-P
"Fresh, steamed peas",1 cup,100.00,70.00,70.00,5.00,5.00,0.00,0.00,0.00,2.20,12.00,12.00,Vegetables R-Z
Frozen peas,1 cup,100.00,,0.00,5.00,5.00,0.00,0.00,0.00,1.80,12.00,12.00,Vegetables R-Z
Split cooked peas,4 cups,100.00,115.00,115.00,8.00,8.00,0.00,0.00,0.00,0.40,21.00,21.00,Vegetables R-Z
heated peas,1 cup,100.00,53.00,53.00,3.00,3.00,0.00,0.00,0.00,1.00,10.00,10.00,Vegetables R-Z
Peppers canned,1 pod,38.00,10.00,26.32,0.00,0.00,0.00,0.00,0.00,0.00,2.00,5.26,Vegetables R-Z
"Peppers Raw, green, sweet",1 large,100.00,25.00,25.00,1.00,1.00,0.00,0.00,0.00,1.40,6.00,6.00,Vegetables R-Z
Peppers with beef and crumbs,1 med.,150.00,255.00,170.00,19.00,12.67,9.00,8.00,6.00,1.00,24.00,16.00,Vegetables R-Z
"Potatoes, baked",1 med.,100.00,100.00,100.00,2.00,2.00,0.00,0.00,0.00,0.50,22.00,22.00,Vegetables R-Z
French-fried,10 pieces,60.00,155.00,258.33,-1.00,0,7.00,3.00,11.67,0.40,20.00,33.33,Vegetables R-Z
Potatoes Mashed with milk and butter,1 cup,200.00,230.00,115.00,4.00,2.00,12.00,11.00,6.00,0.70,28.00,14.00,Vegetables R-Z
"Potatoes, pan-tried",3/4 cup,100.00,268.00,268.00,4.00,4.00,14.00,6.00,14.00,0.40,33.00,33.00,Vegetables R-Z
Scalloped with cheese potatoes,3/4 cup,100.00,145.00,145.00,6.00,6.00,8.00,7.00,8.00,0.40,14.00,14.00,Vegetables R-Z
Steamed potatoes before peeling,1 med.,100.00,80.00,80.00,2.00,2.00,0.00,0.00,0.00,0.40,19.00,19.00,Vegetables R-Z
Potato chips,10,20.00,110.00,550.00,1.00,5.00,7.00,4.00,35.00,0.00,10.00,50.00,Vegetables R-Z
Radishes,5 small,50.00,10.00,20.00,0.00,0.00,0.00,0.00,0.00,0.30,2.00,4.00,Vegetables R-Z
Rutabagas,4 cups,100.00,32.00,32.00,0.00,0.00,0.00,0.00,0.00,1.40,8.00,8.00,Vegetables R-Z
Soybeans,1 cup,200.00,260.00,130.00,22.00,11.00,11.00,0.00,5.50,3.20,20.00,10.00,Vegetables R-Z
Spinach,1 cup,100.00,26.00,26.00,3.00,3.00,0.00,0.00,0.00,1.00,3.00,3.00,Vegetables R-Z
Squash,1 cup,210.00,35.00,16.67,1.00,0.48,0.00,0.00,0.00,0.60,8.00,3.81,Vegetables R-Z
"Winter, mashed Squash",1 cup,200.00,95.00,47.50,4.00,2.00,0.00,0.00,0.00,2.60,23.00,11.50,Vegetables R-Z
Sweet potatoes,1 med.,110.00,155.00,140.91,2.00,1.82,1.00,0.00,0.91,1.00,36.00,32.73,Vegetables R-Z
Candied Sweet potatoes,1 med.,175.00,235.00,134.29,2.00,1.14,6.00,5.00,3.43,1.50,80.00,45.71,Vegetables R-Z
Tomatoes,1 cup,240.00,50.00,20.83,2.00,0.83,0.00,0.00,0.00,1.00,9.00,3.75,Vegetables R-Z
"Raw, 2 by 2 1/2 Tomatoes",1 med.,150.00,30.00,20.00,1.00,0.67,0.00,0.00,0.00,0.60,6.00,4.00,Vegetables R-Z
Tomato juice,1 cup,240.00,50.00,20.83,2.00,0.83,0.00,0.00,0.00,0.60,10.00,4.17,Vegetables R-Z
Tomato catsup,1 T.,17.00,15.00,88.24,0.00,0.00,0.00,0.00,0.00,0.00,4.00,23.53,Vegetables R-Z
Turnip greens,1 cup,145.00,45.00,31.03,4.00,2.76,1.00,0.00,0.69,1.80,8.00,5.52,Vegetables R-Z
"Turnips, steamed",1 cup,155.00,40.00,25.81,1.00,0.65,0.00,0.00,0.00,1.80,9.00,5.81,Vegetables R-Z
"Watercress stems, raw",1 cup,50.00,9.00,18.00,1.00,2.00,0.00,0.00,0.00,0.30,1.00,2.00,Fruits A-F
Apple juice canned,1 cup,250.00,125.00,50.00,0.00,0.00,0.00,0.00,0.00,0.00,34.00,13.60,Fruits A-F
Apple vinegar,1/3 cup,100.00,14.00,14.00,0.00,0.00,0.00,0.00,0.00,0.00,3.00,3.00,Fruits A-F
"Apples, raw",1 med,130.00,70.00,53.85,0.00,0.00,0.00,0.00,0.00,1.00,18.00,13.85,Fruits A-F
Stewed or canned Apples,1 cup,240.00,100.00,41.67,0.00,0.00,0.00,0.00,0.00,2.00,26.00,10.83,Fruits A-F
Apricots,1 cup,250.00,220.00,88.00,2.00,0.80,0.00,0.00,0.00,1.00,57.00,22.80,Fruits A-F
"Dried, uncooked Apricots",1/2 cup,75.00,220.00,293.33,4.00,5.33,0.00,0.00,0.00,1.00,50.00,66.67,Fruits A-F
Fresh Apricots,3 med.,114.00,55.00,48.25,1.00,0.88,0.00,0.00,0.00,0.70,14.00,12.28,Fruits A-F
"Nectar, or juice",1 cup,250.00,140.00,56.00,1.00,0.40,0.00,0.00,0.00,2.00,36.00,14.40,Fruits A-F
Avocado,1/2 large,108.00,185.00,171.30,2.00,1.85,18.00,12.00,16.67,1.80,6.00,5.56,Fruits A-F
Banana,1 med.,150.00,85.00,56.67,1.00,0.67,0.00,0.00,0.00,0.90,23.00,15.33,Fruits A-F
Blackberries,1 cup,144.00,85.00,59.03,2.00,1.39,1.00,0.00,0.69,6.60,19.00,13.19,Fruits A-F
Blueberries,1 cup,250.00,245.00,98.00,1.00,0.40,0.00,0.00,0.00,2.00,65.00,26.00,Fruits A-F
Cantaloupe,1/2 med.,380.00,40.00,10.53,1.00,0.26,0.00,0.00,0.00,2.20,9.00,2.37,Fruits A-F
Cherries,1 cup,257.00,100.00,38.91,2.00,0.78,1.00,0.00,0.39,2.00,26.00,10.12,Fruits A-F
"Fresh, raw",1 cup,114.00,65.00,57.02,1.00,0.88,0.00,0.00,0.00,0.80,15.00,13.16,Fruits A-F
Cranberry sauce sweetened,1 cup,277.00,530.00,191.34,0.00,0.00,0.00,0.00,0.00,1.20,142.00,51.26,Fruits A-F
Dates,1 cup,178.00,505.00,283.71,4.00,2.25,0.00,0.00,0.00,3.60,134.00,75.28,Fruits A-F
Figs,2,42.00,120.00,285.71,2.00,4.76,0.00,0.00,0.00,1.90,30.00,71.43,Fruits A-F
"Fresh, raw figs",3 med.,114.00,90.00,78.95,2.00,1.75,0.00,0.00,0.00,1.00,22.00,19.30,Fruits A-F
figs Canned with syrup ,3,115.00,130.00,113.04,1.00,0.87,0.00,0.00,0.00,1.00,32.00,27.83,Fruits A-F
"Fruit cocktail, canned",1 cup,256.00,195.00,76.17,1.00,0.39,0.00,0.00,0.00,0.50,50.00,19.53,Fruits A-F
Grapefruit sections,1 cup,250.00,170.00,68.00,1.00,0.40,0.00,0.00,0.00,0.50,44.00,17.60,Fruits G-P
"Grapefruit, fresh, 5"" diameter",01��02��,285.00,50.00,17.54,1.00,0.35,0.00,0.00,0.00,1.00,14.00,4.91,Fruits G-P
Grapefruit juice,1 cup,250.00,100.00,40.00,1.00,0.40,0.00,0.00,0.00,1.00,24.00,9.60,Fruits G-P
Grapes,1 cup,153.00,70.00,45.75,1.00,0.65,0.00,0.00,0.00,0.80,16.00,10.46,Fruits G-P
"European, as Muscat, Tokay",1 cup,160.00,100.00,62.50,1.00,0.63,0.00,0.00,0.00,0.70,26.00,16.25,Fruits G-P
Grape juice,1 cup,250.00,160.00,64.00,1.00,0.40,0.00,0.00,0.00,0.00,42.00,16.80,Fruits G-P
Lemon juice,1/2 cup,125.00,30.00,24.00,0.00,0.00,0.00,0.00,0.00,0.00,10.00,8.00,Fruits G-P
Lemonade concentratefrozen,6-oz. can,220.00,430.00,195.45,0.00,0.00,0.00,0.00,0.00,0.00,112.00,50.91,Fruits G-P
Limeade concentrate frozen,6-oz. can,218.00,405.00,185.78,0.00,0.00,0.00,0.00,0.00,0.00,108.00,49.54,Fruits G-P
Olives large,10,65.00,72.00,110.77,1.00,1.54,10.00,9.00,15.38,0.80,3.00,4.62,Fruits G-P
OlivesRipe,10,65.00,105.00,161.54,1.00,1.54,13.00,12.00,20.00,1.00,1.00,1.54,Fruits G-P
"Oranges 3"" diameter",1 med.,180.00,60.00,33.33,2.00,1.11,0.00,0.00,0.00,1.00,16.00,8.89,Fruits G-P
Orange juice,8 oz. or,250.00,112.00,44.80,2.00,0.80,0.00,0.00,0.00,0.20,25.00,10.00,Fruits G-P
Frozen ,6-oz. can,210.00,330.00,157.14,2.00,0.95,0.00,0.00,0.00,0.40,78.00,37.14,Fruits G-P
Papaya,1/2 med.,200.00,75.00,37.50,1.00,0.50,0.00,0.00,0.00,1.80,18.00,9.00,Fruits G-P
Peaches,1 cup,257.00,200.00,77.82,1.00,0.39,0.00,0.00,0.00,1.00,52.00,20.23,Fruits G-P
"Fresh, raw",1 med.,114.00,35.00,30.70,1.00,0.88,0.00,0.00,0.00,0.60,10.00,8.77,Fruits G-P
Pears,1 cup,255.00,195.00,76.47,1.00,0.39,0.00,0.00,0.00,2.00,50.00,19.61,Fruits G-P
"Raw, 3 by 2V",1 med.,182.00,100.00,54.95,1.00,0.55,1.00,0.00,0.55,2.00,25.00,13.74,Fruits G-P
Persimmons,1 med.,125.00,75.00,60.00,1.00,0.80,0.00,0.00,0.00,2.00,20.00,16.00,Fruits G-P
Pineapple,1 large slice,122.00,95.00,77.87,0.00,0.00,0.00,0.00,0.00,0.40,26.00,21.31,Fruits G-P
Pineapple Crushed,1 cup,260.00,205.00,78.85,1.00,0.38,0.00,0.00,0.00,0.70,55.00,21.15,Fruits G-P
"Raw, diced",1 cup,140.00,75.00,53.57,1.00,0.71,t',0.00,0,0.60,19.00,13.57,Fruits G-P
Pineapple juice,1 cup,250.00,120.00,48.00,1.00,0.40,0.00,0.00,0.00,0.20,32.00,12.80,Fruits G-P
Plums,1 cup,256.00,185.00,72.27,1.00,0.39,0.00,0.00,0.00,0.70,50.00,19.53,Fruits G-P
"Raw, 2"" diameter",1,60.00,30.00,50.00,0.00,0.00,0.00,0.00,0.00,0.20,7.00,11.67,Fruits G-P
Prunes,1 cup,270.00,300.00,111.11,3.00,1.11,1.00,0.00,0.37,0.80,81.00,30.00,Fruits G-P
Prune juice,1 cup,240.00,170.00,70.83,1.00,0.42,0.00,0.00,0.00,0.70,45.00,18.75,Fruits G-P
Raisins,1/2 cup,88.00,230.00,261.36,2.00,2.27,0.00,0.00,0.00,0.70,82.00,93.18,Fruits R-Z
Raspberries,1/2 cup,100.00,100.00,100.00,0.00,0.00,0.00,0.00,0.00,2.00,25.00,25.00,Fruits R-Z
"Raw, red",3/4 cup,100.00,57.00,57.00,0.00,0.00,0.00,0.00,0.00,5.00,14.00,14.00,Fruits R-Z
Rhubarb sweetened,1 cup,270.00,385.00,142.59,1.00,0.37,0.00,0.00,0.00,1.90,98.00,36.30,Fruits R-Z
Strawberries,1 cup,227.00,242.00,106.61,1.00,0.44,0.00,0.00,0.00,1.30,60.00,26.43,Fruits R-Z
Raw,1 cup,149.00,54.00,36.24,0.00,0.00,0.00,0.00,0.00,1.90,12.00,8.05,Fruits R-Z
Tangerines,I med.,114.00,40.00,35.09,1.00,0.88,0.00,0.00,0.00,1.00,10.00,8.77,Fruits R-Z
Watermelon,1 wedge,925.00,120.00,12.97,2.00,0.22,1.00,0.00,0.11,3.60,29.00,3.14,Fruits R-Z
Biscuits,1,38.00,130.00,342.11,3.00,7.89,4.00,3.00,10.53,0.00,18.00,47.37,"Breads, cereals, fastfood,grains"
Bran flakes,1 cup,25.00,117.00,468.00,3.00,12.00,0.00,0.00,0.00,0.10,32.00,128.00,"Breads, cereals, fastfood,grains"
"Bread, cracked wheat",1 slice,23.00,60.00,260.87,2.00,8.70,1.00,1.00,4.35,0.10,12.00,52.17,"Breads, cereals, fastfood,grains"
Rye,1 slice,23.00,55.00,239.13,2.00,8.70,1.00,1.00,4.35,0.10,12.00,52.17,"Breads, cereals, fastfood,grains"
"White, 20 slices, Bread",1-lb. loaf,454.00,1225.00,269.82,39.00,8.59,15.00,12.00,3.30,9.00,229.00,50.44,"Breads, cereals, fastfood,grains"
Whole-wheat Bread,1-lb. loaf,454.00,1100.00,242.29,48.00,10.57,14.00,10.00,3.08,67.50,216.00,47.58,"Breads, cereals, fastfood,grains"
Whole-wheat Bread,1 slice,23.00,55.00,239.13,2.00,8.70,1.00,0.00,4.35,0.31,11.00,47.83,"Breads, cereals, fastfood,grains"
Corn bread ground meal ,1 serving,50.00,100.00,200.00,3.00,6.00,4.00,2.00,8.00,0.30,15.00,30.00,"Breads, cereals, fastfood,grains"
Cornflakes,1 cup,25.00,110.00,440.00,2.00,8.00,0.00,0.00,0.00,0.10,25.00,100.00,"Breads, cereals, fastfood,grains"
Corn grits cooked,1 cup,242.00,120.00,49.59,8.00,3.31,0.00,0.00,0.00,0.20,27.00,11.16,"Breads, cereals, fastfood,grains"
Corn meal,1 cup,118.00,360.00,305.08,9.00,7.63,4.00,2.00,3.39,1.60,74.00,62.71,"Breads, cereals, fastfood,grains"
Crackers,2 med.,14.00,55.00,392.86,1.00,7.14,1.00,0.00,7.14,0.00,10.00,71.43,"Breads, cereals, fastfood,grains"
"Soda, 2 1/2 square",2,11.00,45.00,409.09,1.00,9.09,1.00,0.00,9.09,0.00,8.00,72.73,"Breads, cereals, fastfood,grains"
Farina,1 cup,238.00,105.00,44.12,3.00,1.26,0.00,0.00,0.00,8.00,22.00,9.24,"Breads, cereals, fastfood,grains"
Flour,1 cup,110.00,460.00,418.18,39.00,35.45,22.00,0.00,20.00,2.90,33.00,30.00,"Breads, cereals, fastfood,grains"
Wheat (all purpose),1 cup,110.00,400.00,363.64,12.00,10.91,1.00,0.00,0.91,0.30,84.00,76.36,"Breads, cereals, fastfood,grains"
Wheat (whole),1 cup,120.00,390.00,325.00,13.00,10.83,2.00,0.00,1.67,2.80,79.00,65.83,"Breads, cereals, fastfood,grains"
Macaroni,1 cup,140.00,155.00,110.71,5.00,3.57,1.00,0.00,0.71,0.10,32.00,22.86,"Breads, cereals, fastfood,grains"
Baked with cheese,1 cup,220.00,475.00,215.91,18.00,8.18,25.00,24.00,11.36,0.00,44.00,20.00,"Breads, cereals, fastfood,grains"
Muffins,1,48.00,135.00,281.25,4.00,8.33,5.00,4.00,10.42,0.00,19.00,39.58,"Breads, cereals, fastfood,grains"
Noodles,1 cup,160.00,200.00,125.00,7.00,4.38,2.00,2.00,1.25,0.10,37.00,23.13,"Breads, cereals, fastfood,grains"
Oatmeal,1 cup,236.00,150.00,63.56,5.00,2.12,3.00,2.00,1.27,4.60,26.00,11.02,"Breads, cereals, fastfood,grains"
"Pancakes 4"" diam.",4,108.00,250.00,231.48,7.00,6.48,9.00,0.00,8.33,0.10,28.00,25.93,"Breads, cereals, fastfood,grains"
"Wheat, pancakes 4"" diam.",4,108.00,250.00,231.48,7.00,6.48,9.00,0.00,8.33,0.10,28.00,25.93,"Breads, cereals, fastfood,grains"
"Pizza 14"" diam.",1 section,75.00,180.00,240.00,8.00,10.67,6.00,5.00,8.00,0.00,23.00,30.67,"Breads, cereals, fastfood,grains"
Popcorn salted,2 cups,28.00,152.00,542.86,3.00,10.71,7.00,2.00,25.00,0.50,20.00,71.43,"Breads, cereals, fastfood,grains"
Puffed rice,1 cup,14.00,55.00,392.86,0.00,0.00,0.00,0.00,0.00,0.00,12.00,85.71,"Breads, cereals, fastfood,grains"
Puffed wheat presweetened,1 cup,28.00,105.00,375.00,1.00,3.57,0.00,0.00,0.00,0.60,26.00,92.86,"Breads, cereals, fastfood,grains"
Rice,1 cup,208.00,748.00,359.62,15.00,7.21,3.00,0.00,1.44,1.20,154.00,74.04,"Breads, cereals, fastfood,grains"
Converted,1 cup,187.00,677.00,362.03,14.00,7.49,0.00,0.00,0.00,0.40,142.00,75.94,"Breads, cereals, fastfood,grains"
White,1 cup,191.00,692.00,362.30,14.00,7.33,0.00,0.00,0.00,0.30,150.00,78.53,"Breads, cereals, fastfood,grains"
Rice flakes,1 cup,30.00,115.00,383.33,2.00,6.67,0.00,0.00,0.00,0.10,26.00,86.67,"Breads, cereals, fastfood,grains"
Rice polish,1/2 cup,50.00,132.00,264.00,6.00,12.00,6.00,0.00,12.00,1.20,28.00,56.00,"Breads, cereals, fastfood,grains"
Rolls,1 large,50.00,411.00,822.00,3.00,6.00,12.00,11.00,24.00,0.10,23.00,46.00,"Breads, cereals, fastfood,grains"
of refined flour,1,38.00,115.00,302.63,3.00,7.89,2.00,2.00,5.26,0.00,20.00,52.63,"Breads, cereals, fastfood,grains"
whole-wheat,1,40.00,102.00,255.00,4.00,10.00,1.00,0.00,2.50,0.10,20.00,50.00,"Breads, cereals, fastfood,grains"
Spaghetti with meat sauce,1 cup,250.00,285.00,114.00,13.00,5.20,10.00,6.00,4.00,0.50,35.00,14.00,"Breads, cereals, fastfood,grains"
with tomatoes and cheese,1 cup,250.00,210.00,84.00,6.00,2.40,5.00,3.00,2.00,0.50,36.00,14.40,"Breads, cereals, fastfood,grains"
Spanish rice,1 cup,250.00,217.00,86.80,4.00,1.60,4.00,0.00,1.60,1.20,40.00,16.00,"Breads, cereals, fastfood,grains"
Shredded wheat biscuit,1,28.00,100.00,357.14,3.00,10.71,1.00,0.00,3.57,0.70,23.00,82.14,"Breads, cereals, fastfood,grains"
Waffles,1,75.00,240.00,320.00,8.00,10.67,9.00,1.00,12.00,0.10,30.00,40.00,"Breads, cereals, fastfood,grains"
Wheat germ,1 cup,68.00,245.00,360.29,17.00,25.00,7.00,3.00,10.29,2.50,34.00,50.00,"Breads, cereals, fastfood,grains"
Wheat-germ cereal toasted,1 cup,65.00,260.00,400.00,20.00,30.77,7.00,3.00,10.77,2.50,36.00,55.38,"Breads, cereals, fastfood,grains"
Wheat meal cereal unrefined,3/4 cup,30.00,103.00,343.33,4.00,13.33,1.00,0.00,3.33,0.70,25.00,83.33,"Breads, cereals, fastfood,grains"
"Wheat, cooked",3/4 cup,200.00,275.00,137.50,12.00,6.00,1.00,0.00,0.50,4.40,35.00,17.50,"Breads, cereals, fastfood,grains"
Bean soups,1 cup,250.00,190.00,76.00,8.00,3.20,5.00,4.00,2.00,0.60,30.00,12.00,Soups
Beef soup,1 cup,250.00,100.00,40.00,6.00,2.40,4.00,4.00,1.60,0.50,11.00,4.40,Soups
Bouillon,1 cup,240.00,24.00,10.00,5.00,2.08,0.00,0.00,0.00,0.00,0.00,0.00,Soups
chicken soup,1 cup,250.00,75.00,30.00,4.00,1.60,2.00,2.00,0.80,0.00,10.00,4.00,Soups
Clam chowder,1 cup,255.00,85.00,33.33,5.00,1.96,2.00,8.00,0.78,0.50,12.00,4.71,Soups
Cream soups,1 cup,255.00,200.00,78.43,7.00,2.75,12.00,11.00,4.71,1.20,18.00,7.06,Soups
Noodle,1 cup,250.00,115.00,46.00,6.00,2.40,4.00,3.00,1.60,0.20,13.00,5.20,Soups
Split-pea soup,1 cup,250.00,147.00,58.80,8.00,3.20,3.00,3.00,1.20,0.50,25.00,10.00,Soups
Tomato soup,1 cup,245.00,175.00,71.43,6.00,2.45,7.00,6.00,2.86,0.50,22.00,8.98,Soups
Vegetable,1 cup,250.00,80.00,32.00,4.00,1.60,2.00,2.00,0.80,0.00,14.00,5.60,Soups
Apple betty,1 serving,100.00,150.00,150.00,1.00,1.00,4.00,0.00,4.00,0.50,29.00,29.00,"Desserts, sweets"
Bread pudding,3/4 cup,200.00,374.00,187.00,11.00,5.50,12.00,11.00,6.00,0.20,56.00,28.00,"Desserts, sweets"
Cakes,1 slice,40.00,110.00,275.00,3.00,7.50,0.00,0.00,0.00,0.00,23.00,57.50,"Desserts, sweets"
Chocolate fudge,1 slice,120.00,420.00,350.00,5.00,4.17,14.00,12.00,11.67,0.30,70.00,58.33,"Desserts, sweets"
Cupcake,1,50.00,160.00,320.00,3.00,6.00,3.00,2.00,6.00,0.00,31.00,62.00,"Desserts, sweets"
Fruit cake,1 slice,30.00,105.00,350.00,2.00,6.67,4.00,3.00,13.33,0.20,17.00,56.67,"Desserts, sweets"
Gingerbread,1 slice,55.00,180.00,327.27,2.00,3.64,7.00,6.00,12.73,0.00,28.00,50.91,"Desserts, sweets"
"Plain, with no icing",1 slice,55.00,180.00,327.27,4.00,7.27,5.00,4.00,9.09,0.00,31.00,56.36,"Desserts, sweets"
Sponge cake,1 slice,40.00,115.00,287.50,3.00,7.50,2.00,2.00,5.00,0.00,22.00,55.00,"Desserts, sweets"
Candy,5,25.00,104.00,416.00,0.00,0.00,3.00,3.00,12.00,0.00,19.00,76.00,"Desserts, sweets"
Chocolate creams,2,30.00,130.00,433.33,0.00,0.00,4.00,4.00,13.33,0.00,24.00,80.00,"Desserts, sweets"
Fudge,2 pieces,90.00,370.00,411.11,0.00,0.00,12.00,11.00,13.33,0.10,80.00,88.89,"Desserts, sweets"
Hard candies,1 oz.,28.00,90.00,321.43,0.00,0.00,0.00,0.00,0.00,0.00,28.00,100.00,"Desserts, sweets"
Marshmallows,5,30.00,98.00,326.67,1.00,3.33,0.00,0.00,0.00,0.00,23.00,76.67,"Desserts, sweets"
Milk chocolate,2-oz. bar,56.00,290.00,517.86,2.00,3.57,6.00,6.00,10.71,0.20,44.00,78.57,"Desserts, sweets"
Chocolate syrup,2 T.,40.00,80.00,200.00,0.00,0.00,0.00,0.00,0.00,0.00,22.00,55.00,"Desserts, sweets"
Doughnuts,1,33.00,135.00,409.09,2.00,6.06,7.00,4.00,21.21,0.00,17.00,51.52,"Desserts, sweets"
"Gelatin, made with water",1 cup,239.00,155.00,64.85,4.00,1.67,0.00,0.00,0.00,0.00,36.00,15.06,"Desserts, sweets"
Honey,2 T.,42.00,120.00,285.71,0.00,0.00,0.00,0.00,0.00,0.00,30.00,71.43,"Jams, Jellies"
Ice cream,2 cups,300.00,250.00,83.33,0.00,0.00,0.00,12.00,0.00,10.00,0.00,0.00,"Desserts, sweets"
Ices,1 cup,150.00,117.00,78.00,0.00,0.00,0.00,0.00,0.00,0.00,48.00,32.00,"Desserts, sweets"
preserves,1 T.,20.00,55.00,275.00,0.00,0.00,0.00,0.00,0.00,0.00,14.00,70.00,"Jams, Jellies"
Jellies,1 T.,20.00,50.00,250.00,0.00,0.00,0.00,0.00,0.00,0.00,13.00,65.00,"Jams, Jellies"
Molasses,1 T.,20.00,45.00,225.00,0.00,0.00,0.00,0.00,0.00,8.00,11.00,55.00,"Jams, Jellies"
Cane Syrup,1 T.,20.00,50.00,250.00,0.00,0.00,0.00,0.00,0.00,0.00,13.00,65.00,"Jams, Jellies"
"9"" diam. pie",1 slice,135.00,330.00,244.44,3.00,2.22,13.00,11.00,9.63,0.10,53.00,39.26,"Desserts, sweets"
Cherry Pie,1 slice,135.00,340.00,251.85,3.00,2.22,13.00,11.00,9.63,0.10,55.00,40.74,"Desserts, sweets"
Custard,1 slice,130.00,265.00,203.85,7.00,5.38,11.00,10.00,8.46,0.00,34.00,26.15,"Desserts, sweets"
Lemon meringue,1 slice,120.00,300.00,250.00,4.00,3.33,12.00,10.00,10.00,0.10,45.00,37.50,"Desserts, sweets"
Mince,1 slice,135.00,340.00,251.85,3.00,2.22,9.00,8.00,6.67,0.70,62.00,45.93,"Desserts, sweets"
Pumpkin Pie,1 slice,130.00,265.00,203.85,5.00,3.85,12.00,11.00,9.23,8.00,34.00,26.15,"Desserts, sweets"
Puddings Sugar,1 cup,200.00,770.00,385.00,0.00,0.00,0.00,0.00,0.00,0.00,199.00,99.50,"Desserts, sweets"
3 teaspoons sugar,1 T.,12.00,50.00,416.67,0.00,0.00,0.00,0.00,0.00,0.00,12.00,100.00,"Desserts, sweets"
"Brown, firm-packed, dark sugar",1 cup,220.00,815.00,370.45,0.00,0.00,0.00,0.00,0.00,0.00,210.00,95.45,"Jams, Jellies"
Syrup,2 T.,40.00,100.00,250.00,0.00,0.00,0.00,0.00,0.00,0.00,25.00,62.50,"Jams, Jellies"
table blends sugar,2 T.,40.00,110.00,275.00,0.00,0.00,0.00,0.00,0.00,0.00,29.00,72.50,"Jams, Jellies"
Tapioca cream pudding,1 cup,250.00,335.00,134.00,10.00,4.00,10.00,9.00,4.00,0.00,42.00,16.80,"Desserts, sweets"
Almonds,1/2 cup,70.00,425.00,607.14,13.00,18.57,38.00,28.00,54.29,1.80,13.00,18.57,Seeds and Nuts
roasted and salted,1/2 cup,70.00,439.00,627.14,13.00,18.57,40.00,31.00,57.14,1.80,13.00,18.57,Seeds and Nuts
Brazil nuts,1/2 cup,70.00,457.00,652.86,10.00,14.29,47.00,31.00,67.14,2.00,7.00,10.00,Seeds and Nuts
Cashews,1/2 cup,70.00,392.00,560.00,12.00,17.14,32.00,28.00,45.71,0.90,20.00,28.57,Seeds and Nuts
coconut sweetened,1/2 cup,50.00,274.00,548.00,1.00,2.00,20.00,19.00,40.00,2.00,26.00,52.00,Seeds and Nuts
Peanut butter,1/3 cup,50.00,300.00,600.00,12.00,24.00,25.00,17.00,50.00,0.90,9.00,18.00,Seeds and Nuts
"Peanut butter, natural",1/3 cup,50.00,284.00,568.00,13.00,26.00,24.00,10.00,48.00,0.90,8.00,16.00,Seeds and Nuts
Peanuts,1/3 cup,50.00,290.00,580.00,13.00,26.00,25.00,16.00,50.00,1.20,9.00,18.00,Seeds and Nuts
Pecans,1/2 cup,52.00,343.00,659.62,5.00,9.62,35.00,25.00,67.31,1.10,7.00,13.46,Seeds and Nuts
Sesame seeds,1/2 cup,50.00,280.00,560.00,9.00,18.00,24.00,13.00,48.00,3.10,10.00,20.00,Seeds and Nuts
Sunflower seeds,1/2 cup,50.00,280.00,560.00,12.00,24.00,26.00,7.00,52.00,1.90,10.00,20.00,Seeds and Nuts
Walnuts,1/2 cup,50.00,325.00,650.00,7.00,14.00,32.00,7.00,64.00,1.00,8.00,16.00,Seeds and Nuts
Beer,2 cups,480.00,228.00,47.50,0.00,0.00,0.00,0.00,0.00,0.00,8.00,1.67,"Drinks,Alcohol, Beverages"
Gin,1 oz.,28.00,70.00,250.00,0.00,0.00,0.00,0.00,0.00,0.00,0.00,0.00,"Drinks,Alcohol, Beverages"
Wines,1/2 cup,120.00,164.00,136.67,0.00,0.00,0.00,0.00,0.00,0.00,9.00,7.50,"Drinks,Alcohol, Beverages"
Table (12.2% alcohol),1/2 cup,120.00,100.00,83.33,0.00,0.00,0.00,0.00,0.00,0.00,5.00,4.17,"Drinks,Alcohol, Beverages"
Carbonated drinks Artificially sweetened,12 oz.,346.00,0.00,0.00,0.00,0.00,0.00,0.00,0.00,0.00,0.00,0.00,"Drinks,Alcohol, Beverages"
Club soda,12 oz.,346.00,0.00,0.00,0.00,0.00,0.00,0.00,0.00,0.00,0.00,0.00,"Drinks,Alcohol, Beverages"
Cola drinks,12 oz.,346.00,137.00,39.60,0.00,0.00,0.00,0.00,0.00,0.00,38.00,10.98,"Drinks,Alcohol, Beverages"
Fruit-flavored soda,12 oz.,346.00,161.00,46.53,0.00,0.00,0.00,0.00,0.00,0.00,42.00,12.14,"Drinks,Alcohol, Beverages"
Ginger ale,12 oz.,346.00,105.00,30.35,0.00,0.00,0.00,0.00,0.00,0.00,28.00,8.09,"Drinks,Alcohol, Beverages"
Root beer,12 oz.,346.00,140.00,40.46,0.00,0.00,0.00,0.00,0.00,0.00,35.00,10.12,"Drinks,Alcohol, Beverages"
Coffee,1 cup,230.00,3.00,1.30,0.00,0.00,0.00,0.00,0.00,0.00,1.00,0.43,"Drinks,Alcohol, Beverages"
Tea,1 cup,230.00,4.00,1.74,0.00,0.00,0.00,0.00,0.00,0.00,1.00,0.43,"Drinks,Alcohol, Beverages"
